Feature,m/z,Intensity,Isotope,Formula,PredAbundance,File,Zoom
100,395.060196778308,349.369415283203,,,,AFFF3_Target_Neg.mzXML,1
100,395.515657610613,137.00390625,,,,AFFF3_Target_Neg.mzXML,1
100,395.825148531381,202.272720336914,,,,AFFF3_Target_Neg.mzXML,1
100,395.862986265732,109.39673614502,,,,AFFF3_Target_Neg.mzXML,1
100,395.900363806541,124.240386962891,,,,AFFF3_Target_Neg.mzXML,1
100,396.033238623565,522.787170410156,,,,AFFF3_Target_Neg.mzXML,1
100,396.058921748929,310.355773925781,,,,AFFF3_Target_Neg.mzXML,1
100,396.151289466049,174.557693481445,,,,AFFF3_Target_Neg.mzXML,1
100,396.251075352859,215.066665649414,,,,AFFF3_Target_Neg.mzXML,1
100,396.326381287299,219,,,,AFFF3_Target_Neg.mzXML,1
100,396.367919737492,178.444580078125,,,,AFFF3_Target_Neg.mzXML,1
100,396.430557246379,129.002197265625,,,,AFFF3_Target_Neg.mzXML,1
100,396.450502050636,111.406913757324,,,,AFFF3_Target_Neg.mzXML,1
100,396.504999839843,150.840270996094,,,,AFFF3_Target_Neg.mzXML,1
100,396.610902982606,181.231109619141,,,,AFFF3_Target_Neg.mzXML,1
100,396.681489240846,238.920455932617,,,,AFFF3_Target_Neg.mzXML,1
100,396.742156677912,385.748199462891,,,,AFFF3_Target_Neg.mzXML,1
100,396.827692549094,121.457275390625,,,,AFFF3_Target_Neg.mzXML,1
100,396.879528222985,123.529411315918,,,,AFFF3_Target_Neg.mzXML,1
100,396.918445608492,126.076126098633,,,,AFFF3_Target_Neg.mzXML,1
100,396.964052703819,451.526641845703,,,,AFFF3_Target_Neg.mzXML,1
100,397.059195050519,172.037506103516,,,,AFFF3_Target_Neg.mzXML,1
100,397.098759424054,110.232688903809,,,,AFFF3_Target_Neg.mzXML,1
100,397.131136368096,136.969085693359,,,,AFFF3_Target_Neg.mzXML,1
100,397.19015451744,133.285217285156,,,,AFFF3_Target_Neg.mzXML,1
100,397.281747863815,176.454544067383,,,,AFFF3_Target_Neg.mzXML,1
100,397.403876431579,201.425735473633,,,,AFFF3_Target_Neg.mzXML,1
100,397.42672794779,230.125,,,,AFFF3_Target_Neg.mzXML,1
100,397.532471405134,123.456817626953,,,,AFFF3_Target_Neg.mzXML,1
100,397.631369198468,173.349136352539,,,,AFFF3_Target_Neg.mzXML,1
100,397.956260395342,161.896224975586,,,,AFFF3_Target_Neg.mzXML,1
100,397.987200203656,304.731201171875,,,,AFFF3_Target_Neg.mzXML,1
100,398.033098773552,323,,,,AFFF3_Target_Neg.mzXML,1
100,398.058280183004,648.597412109375,,,,AFFF3_Target_Neg.mzXML,1
100,398.151090015464,187.272125244141,,,,AFFF3_Target_Neg.mzXML,1
100,398.36642308675,274.299194335938,,,,AFFF3_Target_Neg.mzXML,1
100,398.447978225897,118.666664123535,,,,AFFF3_Target_Neg.mzXML,1
100,398.532394562095,174.020690917969,,,,AFFF3_Target_Neg.mzXML,1
100,398.596122829566,103.493850708008,,,,AFFF3_Target_Neg.mzXML,1
100,398.686758660377,168.810089111328,,,,AFFF3_Target_Neg.mzXML,1
100,398.718084192423,108.737243652344,,,,AFFF3_Target_Neg.mzXML,1
100,398.831947210236,344.102081298828,,,,AFFF3_Target_Neg.mzXML,1
100,398.936237616403,722450.125,M,C6HF13O3S,,AFFF3_Target_Neg.mzXML,1
100,399.553808972878,476.212127685547,,,,AFFF3_Target_Neg.mzXML,1
100,399.595550961783,222.425201416016,,,,AFFF3_Target_Neg.mzXML,1
100,399.639602822224,420.702178955078,,,,AFFF3_Target_Neg.mzXML,1
100,399.679510101411,267.259338378906,,,,AFFF3_Target_Neg.mzXML,1
100,399.706458163151,412.049652099609,,,,AFFF3_Target_Neg.mzXML,1
100,399.833494341877,310.243774414062,,,,AFFF3_Target_Neg.mzXML,1
100,399.89756369982,120.59846496582,,,,AFFF3_Target_Neg.mzXML,1
100,399.939583916556,47074.48046875,13C1(1.08%;0.00001Da),,,AFFF3_Target_Neg.mzXML,1
100,400.05145618156,3080.4541015625,,,,AFFF3_Target_Neg.mzXML,1
100,400.202376093141,164,,,,AFFF3_Target_Neg.mzXML,1
100,400.265811590424,200.737426757812,,,,AFFF3_Target_Neg.mzXML,1
100,400.310905066723,238.156066894531,,,,AFFF3_Target_Neg.mzXML,1
100,400.370678177012,279.517395019531,,,,AFFF3_Target_Neg.mzXML,1
100,400.398809100835,204.818893432617,,,,AFFF3_Target_Neg.mzXML,1
100,400.480610673519,259.211608886719,,,,AFFF3_Target_Neg.mzXML,1
100,400.601050436331,295.350769042969,,,,AFFF3_Target_Neg.mzXML,1
100,400.664563220299,139.1953125,,,,AFFF3_Target_Neg.mzXML,1
100,400.790505118446,117.339569091797,,,,AFFF3_Target_Neg.mzXML,1
100,400.821227485965,161.973068237305,,,,AFFF3_Target_Neg.mzXML,1
100,400.933417784779,29691.701171875,37Cl1(32.00%;0.00013Da)_30Si1(3.35%;0.00034Da)_81Br1(97.28%;0.00077Da)_34S1(4.47%;0.00138Da),,,AFFF3_Target_Neg.mzXML,1
100,401.048942626331,4274.11767578125,,,,AFFF3_Target_Neg.mzXML,1
100,401.189143467755,264.354888916016,,,,AFFF3_Target_Neg.mzXML,1
100,401.26253999603,113.804412841797,,,,AFFF3_Target_Neg.mzXML,1
100,401.366855342657,193.350280761719,,,,AFFF3_Target_Neg.mzXML,1
100,401.447707525924,199.243072509766,,,,AFFF3_Target_Neg.mzXML,1
100,401.500994342168,139.4833984375,,,,AFFF3_Target_Neg.mzXML,1
100,401.527197097703,133.611862182617,,,,AFFF3_Target_Neg.mzXML,1
100,401.558033381804,108.137382507324,,,,AFFF3_Target_Neg.mzXML,1
100,401.61485582928,184.240661621094,,,,AFFF3_Target_Neg.mzXML,1
100,401.648460977607,138.117645263672,,,,AFFF3_Target_Neg.mzXML,1
100,401.709025086543,222.845245361328,,,,AFFF3_Target_Neg.mzXML,1
100,401.752223518713,100.42798614502,,,,AFFF3_Target_Neg.mzXML,1
100,401.936166947882,1912.01647949219,,,,AFFF3_Target_Neg.mzXML,1
100,402.043334409491,4174.61669921875,,,,AFFF3_Target_Neg.mzXML,1
100,402.094859159028,353.6337890625,,,,AFFF3_Target_Neg.mzXML,1
100,402.317647034837,106.148811340332,,,,AFFF3_Target_Neg.mzXML,1
100,402.368274745661,119.260414123535,,,,AFFF3_Target_Neg.mzXML,1
100,402.440075601239,162.006256103516,,,,AFFF3_Target_Neg.mzXML,1
100,402.487869188727,152.023803710938,,,,AFFF3_Target_Neg.mzXML,1
100,402.533702471081,178.006942749023,,,,AFFF3_Target_Neg.mzXML,1
100,402.656442355982,133.02082824707,,,,AFFF3_Target_Neg.mzXML,1
100,402.935660021535,285.660003662109,,,,AFFF3_Target_Neg.mzXML,1
100,402.987384993915,240.593139648438,,,,AFFF3_Target_Neg.mzXML,1
100,403.043630957411,1885.0244140625,,,,AFFF3_Target_Neg.mzXML,1
100,403.259046593972,176.285446166992,,,,AFFF3_Target_Neg.mzXML,1
100,403.447745503809,144.078491210938,,,,AFFF3_Target_Neg.mzXML,1
100,403.596620309572,121.00114440918,,,,AFFF3_Target_Neg.mzXML,1
100,403.633554532048,210.621551513672,,,,AFFF3_Target_Neg.mzXML,1
100,403.868352217935,265.509063720703,,,,AFFF3_Target_Neg.mzXML,1
100,404.045200327087,629.142883300781,,,,AFFF3_Target_Neg.mzXML,1
100,404.101900251325,220.346206665039,,,,AFFF3_Target_Neg.mzXML,1
100,404.139763824714,115.440071105957,,,,AFFF3_Target_Neg.mzXML,1
100,404.179656869157,181.438018798828,,,,AFFF3_Target_Neg.mzXML,1
100,404.279361778814,290.910705566406,,,,AFFF3_Target_Neg.mzXML,1
100,404.323233331926,121.611640930176,,,,AFFF3_Target_Neg.mzXML,1
100,404.518379098566,182.637115478516,,,,AFFF3_Target_Neg.mzXML,1
100,404.599888079717,172.902496337891,,,,AFFF3_Target_Neg.mzXML,1
100,404.863803864318,158.579223632812,,,,AFFF3_Target_Neg.mzXML,1
100,404.944921213978,756.674987792969,,,,AFFF3_Target_Neg.mzXML,1
100,405.029403512355,576.080627441406,,,,AFFF3_Target_Neg.mzXML,1
100,405.112225137759,144.112503051758,,,,AFFF3_Target_Neg.mzXML,1
100,405.139600616446,177.765869140625,,,,AFFF3_Target_Neg.mzXML,1
100,405.174140679471,112.1328125,,,,AFFF3_Target_Neg.mzXML,1
100,405.225428434102,130.673614501953,,,,AFFF3_Target_Neg.mzXML,1
100,405.501628817709,111.00080871582,,,,AFFF3_Target_Neg.mzXML,1
100,405.6053600458,241.308792114258,,,,AFFF3_Target_Neg.mzXML,1
100,405.681448379609,114.448272705078,,,,AFFF3_Target_Neg.mzXML,1
101,395.800420960074,497.009887695312,,,,AFFF3_Target_Neg.mzXML,1
101,395.917671160385,735.461730957031,,,,AFFF3_Target_Neg.mzXML,1
101,396.040188132295,706.356079101562,,,,AFFF3_Target_Neg.mzXML,1
101,396.165578000185,1027.68237304688,,,,AFFF3_Target_Neg.mzXML,1
101,396.448805550141,935.044982910156,,,,AFFF3_Target_Neg.mzXML,1
101,396.483702717853,879.758728027344,,,,AFFF3_Target_Neg.mzXML,1
101,396.562721446797,841.5,,,,AFFF3_Target_Neg.mzXML,1
101,396.589971748578,775.716369628906,,,,AFFF3_Target_Neg.mzXML,1
101,396.909453956366,423.011901855469,,,,AFFF3_Target_Neg.mzXML,1
101,396.970279318652,520.209899902344,,,,AFFF3_Target_Neg.mzXML,1
101,398.73686952138,398.594146728516,,,,AFFF3_Target_Neg.mzXML,1
101,398.938513891433,3692283.75,M,C6HF13O3S,,AFFF3_Target_Neg.mzXML,1
101,399.575731328818,814.587341308594,,,,AFFF3_Target_Neg.mzXML,1
101,399.691530132506,670.637878417969,,,,AFFF3_Target_Neg.mzXML,1
101,399.788420861866,547.182006835938,,,,AFFF3_Target_Neg.mzXML,1
101,399.840767340077,661.600036621094,,,,AFFF3_Target_Neg.mzXML,1
101,399.939732017969,340189.90625,29Si1(5.08%;0.00165Da),,,AFFF3_Target_Neg.mzXML,1
101,400.522718642245,555.536682128906,,,,AFFF3_Target_Neg.mzXML,1
101,400.57721202472,596.046936035156,,,,AFFF3_Target_Neg.mzXML,1
101,400.784458507557,399.569213867188,,,,AFFF3_Target_Neg.mzXML,1
101,400.843413578293,432.224822998047,,,,AFFF3_Target_Neg.mzXML,1
101,400.93396520968,223518.171875,34S1(4.47%;0.00034Da)_30Si1(3.35%;0.00139Da)_37Cl1(32.00%;0.00160Da),,,AFFF3_Target_Neg.mzXML,1
101,401.544949176291,438.916168212891,,,,AFFF3_Target_Neg.mzXML,1
101,401.657991563107,401.342224121094,,,,AFFF3_Target_Neg.mzXML,1
101,401.855669638654,451.628265380859,,,,AFFF3_Target_Neg.mzXML,1
101,401.937613825334,16512.494140625,,,,AFFF3_Target_Neg.mzXML,1
101,402.045238803572,2039.12255859375,,,,AFFF3_Target_Neg.mzXML,1
101,402.339770109008,359.457641601562,,,,AFFF3_Target_Neg.mzXML,1
101,402.938244967705,2016.603515625,,,,AFFF3_Target_Neg.mzXML,1
101,403.04069813401,1017.60418701172,,,,AFFF3_Target_Neg.mzXML,1
101,404.051758686178,397.886413574219,,,,AFFF3_Target_Neg.mzXML,1
102,494.967130023785,679.099182128906,,,,AFFF3_Target_Neg.mzXML,1
102,495.016668102853,760.876586914062,,,,AFFF3_Target_Neg.mzXML,1
102,495.165501616382,870.0595703125,,,,AFFF3_Target_Neg.mzXML,1
102,495.248903133441,810.002258300781,,,,AFFF3_Target_Neg.mzXML,1
102,495.347078411664,919.093994140625,,,,AFFF3_Target_Neg.mzXML,1
102,495.424623831758,986.861328125,,,,AFFF3_Target_Neg.mzXML,1
102,495.523755779649,1139.07556152344,,,,AFFF3_Target_Neg.mzXML,1
102,495.633781608413,945.965270996094,,,,AFFF3_Target_Neg.mzXML,1
102,495.687718696175,968.55126953125,,,,AFFF3_Target_Neg.mzXML,1
102,495.750285214673,865.76220703125,,,,AFFF3_Target_Neg.mzXML,1
102,495.823352753422,813.853820800781,,,,AFFF3_Target_Neg.mzXML,1
102,495.936507655083,924.653076171875,,,,AFFF3_Target_Neg.mzXML,1
102,496.089788822789,828.655395507812,,,,AFFF3_Target_Neg.mzXML,1
102,496.469757511407,416.116394042969,,,,AFFF3_Target_Neg.mzXML,1
102,496.579000709189,389.240020751953,,,,AFFF3_Target_Neg.mzXML,1
102,497.004488716085,676.900268554688,,,,AFFF3_Target_Neg.mzXML,1
102,497.059528637929,389.547180175781,,,,AFFF3_Target_Neg.mzXML,1
102,497.317358708639,716.010925292969,,,,AFFF3_Target_Neg.mzXML,1
102,498.06114770592,401.183837890625,,,,AFFF3_Target_Neg.mzXML,1
102,498.108113713007,445.693359375,,,,AFFF3_Target_Neg.mzXML,1
102,498.67616942647,439.711029052734,,,,AFFF3_Target_Neg.mzXML,1
102,498.931881314002,3749334.25,M,C8HF17O3S,,AFFF3_Target_Neg.mzXML,1
102,499.623404127728,730.93115234375,,,,AFFF3_Target_Neg.mzXML,1
102,499.687131029992,975.584411621094,,,,AFFF3_Target_Neg.mzXML,1
102,499.821547355882,671.099182128906,,,,AFFF3_Target_Neg.mzXML,1
102,499.93276942164,508457.125,29Si1(5.08%;0.00132Da)_33S1(0.79%;0.00150Da),,,AFFF3_Target_Neg.mzXML,1
102,500.571364730484,828.506896972656,,,,AFFF3_Target_Neg.mzXML,1
102,500.664535561173,750.102966308594,,,,AFFF3_Target_Neg.mzXML,1
102,500.724064680861,374.431762695312,,,,AFFF3_Target_Neg.mzXML,1
102,500.765648161073,425.698425292969,,,,AFFF3_Target_Neg.mzXML,1
102,500.812523957143,506.720550537109,,,,AFFF3_Target_Neg.mzXML,1
102,500.927371510884,253605.3125,34S1(4.47%;0.00031Da)_30Si1(3.35%;0.00135Da)_37Cl1(32.00%;0.00156Da),,,AFFF3_Target_Neg.mzXML,1
102,501.598047192424,929.575744628906,,,,AFFF3_Target_Neg.mzXML,1
102,501.665609826959,382.472595214844,,,,AFFF3_Target_Neg.mzXML,1
102,501.711599651823,384.375366210938,,,,AFFF3_Target_Neg.mzXML,1
102,501.777368666229,524.109619140625,,,,AFFF3_Target_Neg.mzXML,1
102,501.819983782822,427.976745605469,,,,AFFF3_Target_Neg.mzXML,1
102,501.930936397914,24561.484375,,,,AFFF3_Target_Neg.mzXML,1
102,502.041486201725,418.027282714844,,,,AFFF3_Target_Neg.mzXML,1
102,502.32965218323,451.304016113281,,,,AFFF3_Target_Neg.mzXML,1
102,502.503789877889,419.950592041016,,,,AFFF3_Target_Neg.mzXML,1
102,502.929874223733,3194.98681640625,,,,AFFF3_Target_Neg.mzXML,1
102,503.064124646944,615.591186523438,,,,AFFF3_Target_Neg.mzXML,1
102,503.936935325828,571.342529296875,,,,AFFF3_Target_Neg.mzXML,1
102,504.054381447958,375.566497802734,,,,AFFF3_Target_Neg.mzXML,1
102,504.304916601462,404.642913818359,,,,AFFF3_Target_Neg.mzXML,1
102,504.924902009361,688.44775390625,81Br3(92.05%;0.00084Da),,,AFFF3_Target_Neg.mzXML,1
102,504.962837940848,384.008728027344,,,,AFFF3_Target_Neg.mzXML,1
102,505.923769139912,1475.35522460938,,,,AFFF3_Target_Neg.mzXML,1
103,495.01364167218,1648.6123046875,,,,AFFF3_Target_Neg.mzXML,1
103,495.153216903218,1613.50390625,,,,AFFF3_Target_Neg.mzXML,1
103,495.486116877269,2723.14233398438,,,,AFFF3_Target_Neg.mzXML,1
103,495.733778154487,2052.00317382812,,,,AFFF3_Target_Neg.mzXML,1
103,495.897491902088,1771.72668457031,,,,AFFF3_Target_Neg.mzXML,1
103,495.95275324127,1711.61242675781,,,,AFFF3_Target_Neg.mzXML,1
103,496.001585453132,1930.9833984375,,,,AFFF3_Target_Neg.mzXML,1
103,496.027804180894,1677.72521972656,,,,AFFF3_Target_Neg.mzXML,1
103,496.109230515234,1532.22717285156,,,,AFFF3_Target_Neg.mzXML,1
103,496.316317465059,1277.22290039062,,,,AFFF3_Target_Neg.mzXML,1
103,496.367462191251,1086.17224121094,,,,AFFF3_Target_Neg.mzXML,1
103,496.44267718215,1170.92797851562,,,,AFFF3_Target_Neg.mzXML,1
103,497.262232769862,887.015197753906,,,,AFFF3_Target_Neg.mzXML,1
103,497.309550778566,994.06884765625,,,,AFFF3_Target_Neg.mzXML,1
103,497.986936664138,492.580078125,,,,AFFF3_Target_Neg.mzXML,1
103,498.09471295229,545.205017089844,,,,AFFF3_Target_Neg.mzXML,1
103,498.198507024678,464.960113525391,,,,AFFF3_Target_Neg.mzXML,1
103,498.248969590571,651.920288085938,,,,AFFF3_Target_Neg.mzXML,1
103,498.32858617719,637.071411132812,,,,AFFF3_Target_Neg.mzXML,1
103,498.454614331563,728.038818359375,,,,AFFF3_Target_Neg.mzXML,1
103,498.93620570467,4003727,M,C8HF17O3S,,AFFF3_Target_Neg.mzXML,1
103,499.032787997117,436572.9375,,,,AFFF3_Target_Neg.mzXML,1
103,499.814805215481,1759.56079101562,,,,AFFF3_Target_Neg.mzXML,1
103,499.932772661404,1386479.75,15N1(0.37%;0.00047Da),,,AFFF3_Target_Neg.mzXML,1
103,500.636342407697,922.466491699219,,,,AFFF3_Target_Neg.mzXML,1
103,500.698366664014,650.720825195312,,,,AFFF3_Target_Neg.mzXML,1
103,500.755155558708,1292.71435546875,,,,AFFF3_Target_Neg.mzXML,1
103,500.800579980414,784.474060058594,,,,AFFF3_Target_Neg.mzXML,1
103,500.92709513456,730703.4375,,,,AFFF3_Target_Neg.mzXML,1
103,501.605518692832,1383.77502441406,,,,AFFF3_Target_Neg.mzXML,1
103,501.655433751741,678.854919433594,,,,AFFF3_Target_Neg.mzXML,1
103,501.737992620689,1055.96435546875,,,,AFFF3_Target_Neg.mzXML,1
103,501.857196797073,766.837097167969,,,,AFFF3_Target_Neg.mzXML,1
103,501.930427876163,62873.73046875,,,,AFFF3_Target_Neg.mzXML,1
103,502.265716053885,772.710754394531,,,,AFFF3_Target_Neg.mzXML,1
103,502.354746992796,487.493499755859,,,,AFFF3_Target_Neg.mzXML,1
103,502.442149963308,551.910095214844,,,,AFFF3_Target_Neg.mzXML,1
103,502.532093459794,690.1708984375,,,,AFFF3_Target_Neg.mzXML,1
103,502.611246397187,416.899749755859,,,,AFFF3_Target_Neg.mzXML,1
103,502.6481608771,655.296508789062,,,,AFFF3_Target_Neg.mzXML,1
103,502.757305510387,461.442016601562,,,,AFFF3_Target_Neg.mzXML,1
103,502.930908072604,8031.54736328125,37Cl2(10.24%;0.00060Da)_81Br2(94.63%;0.00120Da),,,AFFF3_Target_Neg.mzXML,1
103,503.062273627493,502.694396972656,,,,AFFF3_Target_Neg.mzXML,1
103,503.367439052726,558.580261230469,,,,AFFF3_Target_Neg.mzXML,1
103,503.553619998591,408.270843505859,,,,AFFF3_Target_Neg.mzXML,1
103,503.931558229872,618.544006347656,,,,AFFF3_Target_Neg.mzXML,1
103,504.963993598029,427.710662841797,,,,AFFF3_Target_Neg.mzXML,1
103,505.090087513584,410.353942871094,,,,AFFF3_Target_Neg.mzXML,1
103,505.217896921788,479.975982666016,,,,AFFF3_Target_Neg.mzXML,1
104,494.957777231016,131.126968383789,,,,AFFF3_Target_Neg.mzXML,1
104,495.058053994921,270.857147216797,,,,AFFF3_Target_Neg.mzXML,1
104,495.186195610105,1003.80627441406,,,,AFFF3_Target_Neg.mzXML,1
104,495.322319730161,223.399200439453,,,,AFFF3_Target_Neg.mzXML,1
104,495.719805751581,114.240386962891,,,,AFFF3_Target_Neg.mzXML,1
104,496.098313303021,194.942962646484,,,,AFFF3_Target_Neg.mzXML,1
104,496.19389773609,262.3837890625,,,,AFFF3_Target_Neg.mzXML,1
104,496.276017148179,150.586212158203,,,,AFFF3_Target_Neg.mzXML,1
104,496.334857361586,118.100807189941,,,,AFFF3_Target_Neg.mzXML,1
104,497.0487372812,438.116149902344,,,,AFFF3_Target_Neg.mzXML,1
104,497.08890592584,403.969696044922,,,,AFFF3_Target_Neg.mzXML,1
104,497.171234644405,460.011352539062,,,,AFFF3_Target_Neg.mzXML,1
104,497.219874748956,157.20832824707,,,,AFFF3_Target_Neg.mzXML,1
104,497.25953842252,125.909088134766,,,,AFFF3_Target_Neg.mzXML,1
104,497.323628954575,300.510650634766,,,,AFFF3_Target_Neg.mzXML,1
104,497.429272003999,160.045974731445,,,,AFFF3_Target_Neg.mzXML,1
104,498.04342909613,153.043273925781,,,,AFFF3_Target_Neg.mzXML,1
104,498.16514912999,282.614471435547,,,,AFFF3_Target_Neg.mzXML,1
104,498.195246367299,116.083335876465,,,,AFFF3_Target_Neg.mzXML,1
104,498.272794699437,151.530731201172,,,,AFFF3_Target_Neg.mzXML,1
104,498.308310854359,115.189392089844,,,,AFFF3_Target_Neg.mzXML,1
104,498.775072466107,198.333892822266,,,,AFFF3_Target_Neg.mzXML,1
104,498.929692353222,4464.00439453125,M,C8HF17O3S,,AFFF3_Target_Neg.mzXML,1
104,498.999779230391,166.25,,,,AFFF3_Target_Neg.mzXML,1
104,499.082174198191,252.000900268555,,,,AFFF3_Target_Neg.mzXML,1
104,499.200151951234,100.533332824707,,,,AFFF3_Target_Neg.mzXML,1
104,499.299671761643,128.414215087891,,,,AFFF3_Target_Neg.mzXML,1
104,499.36465304494,172.030303955078,,,,AFFF3_Target_Neg.mzXML,1
104,499.408252019306,189.176223754883,,,,AFFF3_Target_Neg.mzXML,1
104,499.926610222196,241.661163330078,15N1(0.37%;0.00012Da),,,AFFF3_Target_Neg.mzXML,1
104,499.968861630653,1361.095703125,,,,AFFF3_Target_Neg.mzXML,1
104,500.079643520226,372.795928955078,,,,AFFF3_Target_Neg.mzXML,1
104,500.109272657696,189.098297119141,,,,AFFF3_Target_Neg.mzXML,1
104,500.234243565009,165.184432983398,,,,AFFF3_Target_Neg.mzXML,1
104,500.324838299778,648.006042480469,,,,AFFF3_Target_Neg.mzXML,1
104,500.427327344572,124.038795471191,,,,AFFF3_Target_Neg.mzXML,1
104,500.471325261768,224.692108154297,,,,AFFF3_Target_Neg.mzXML,1
104,500.931102445799,191.409088134766,,,,AFFF3_Target_Neg.mzXML,1
104,501.005693443255,194.343933105469,,,,AFFF3_Target_Neg.mzXML,1
104,501.062090660885,228.884704589844,,,,AFFF3_Target_Neg.mzXML,1
104,501.272523387297,267.003082275391,,,,AFFF3_Target_Neg.mzXML,1
104,501.3236681341,1059.46411132812,,,,AFFF3_Target_Neg.mzXML,1
104,501.769246323266,140.530883789062,,,,AFFF3_Target_Neg.mzXML,1
104,501.945610378571,146.448623657227,,,,AFFF3_Target_Neg.mzXML,1
104,502.02900713389,186.177520751953,,,,AFFF3_Target_Neg.mzXML,1
104,502.060677707027,149.670639038086,,,,AFFF3_Target_Neg.mzXML,1
104,502.309385170988,278.740600585938,,,,AFFF3_Target_Neg.mzXML,1
104,502.361752732971,241.181182861328,,,,AFFF3_Target_Neg.mzXML,1
104,502.60384492426,106.083335876465,,,,AFFF3_Target_Neg.mzXML,1
104,502.733540678386,152.091583251953,,,,AFFF3_Target_Neg.mzXML,1
104,503.009332854419,177.903686523438,,,,AFFF3_Target_Neg.mzXML,1
104,503.057884865889,219.240036010742,,,,AFFF3_Target_Neg.mzXML,1
104,503.148684515067,104.145347595215,,,,AFFF3_Target_Neg.mzXML,1
104,503.266614022311,171.007263183594,,,,AFFF3_Target_Neg.mzXML,1
104,503.315760305712,470.357269287109,,,,AFFF3_Target_Neg.mzXML,1
104,503.359897531444,219.059204101562,,,,AFFF3_Target_Neg.mzXML,1
104,503.463477262834,146.577850341797,,,,AFFF3_Target_Neg.mzXML,1
104,503.882667253019,197.287231445312,,,,AFFF3_Target_Neg.mzXML,1
104,504.027777869847,141.97282409668,,,,AFFF3_Target_Neg.mzXML,1
104,504.069093888181,185.455581665039,,,,AFFF3_Target_Neg.mzXML,1
104,504.321867390009,537.79296875,,,,AFFF3_Target_Neg.mzXML,1
104,504.921817721147,198.834335327148,37Cl3(3.28%;0.00098Da)_81Br3(92.05%;0.00173Da),,,AFFF3_Target_Neg.mzXML,1
104,504.970284068377,763.56982421875,,,,AFFF3_Target_Neg.mzXML,1
104,505.022949297312,275.779663085938,,,,AFFF3_Target_Neg.mzXML,1
104,505.047081191168,193.25,,,,AFFF3_Target_Neg.mzXML,1
104,505.094055960108,167.929244995117,,,,AFFF3_Target_Neg.mzXML,1
104,505.213229771435,207.840911865234,,,,AFFF3_Target_Neg.mzXML,1
104,505.319627909996,972.6884765625,,,,AFFF3_Target_Neg.mzXML,1
104,505.923674719807,121.488372802734,,,,AFFF3_Target_Neg.mzXML,1
106,594.961435793033,3815.49609375,,,,AFFF3_Target_Neg.mzXML,1
106,595.05116416725,124.580360412598,,,,AFFF3_Target_Neg.mzXML,1
106,595.557053441034,118.198768615723,,,,AFFF3_Target_Neg.mzXML,1
106,595.698591674789,117,,,,AFFF3_Target_Neg.mzXML,1
106,595.966432650515,227.79020690918,,,,AFFF3_Target_Neg.mzXML,1
106,596.428999970294,120.556816101074,,,,AFFF3_Target_Neg.mzXML,1
106,596.483502283185,110.69605255127,,,,AFFF3_Target_Neg.mzXML,1
106,596.92513219393,198.117645263672,,,,AFFF3_Target_Neg.mzXML,1
106,596.972369783614,304.369018554688,,,,AFFF3_Target_Neg.mzXML,1
106,597.047013872285,240.644226074219,,,,AFFF3_Target_Neg.mzXML,1
106,597.071615211258,238.089080810547,,,,AFFF3_Target_Neg.mzXML,1
106,597.111223093853,180.25,,,,AFFF3_Target_Neg.mzXML,1
106,597.208235587028,202.702224731445,,,,AFFF3_Target_Neg.mzXML,1
106,597.377674327594,226.125,,,,AFFF3_Target_Neg.mzXML,1
106,597.483251138729,235.429428100586,,,,AFFF3_Target_Neg.mzXML,1
106,597.504685825728,183.077529907227,,,,AFFF3_Target_Neg.mzXML,1
106,597.673434177079,112.400001525879,,,,AFFF3_Target_Neg.mzXML,1
106,597.711895620928,203.976272583008,,,,AFFF3_Target_Neg.mzXML,1
106,597.764200313212,148.111846923828,,,,AFFF3_Target_Neg.mzXML,1
106,597.84232144183,238.45832824707,,,,AFFF3_Target_Neg.mzXML,1
106,597.944230975935,208.471160888672,,,,AFFF3_Target_Neg.mzXML,1
106,598.053641801167,203.892852783203,,,,AFFF3_Target_Neg.mzXML,1
106,598.10000930333,268.265716552734,,,,AFFF3_Target_Neg.mzXML,1
106,598.243664270413,149.680236816406,,,,AFFF3_Target_Neg.mzXML,1
106,598.505381333493,166.111846923828,,,,AFFF3_Target_Neg.mzXML,1
106,598.81451953805,215.287414550781,,,,AFFF3_Target_Neg.mzXML,1
106,598.879040219549,181.125,,,,AFFF3_Target_Neg.mzXML,1
106,598.957266760069,131.343215942383,M,C10HF21O3S,,AFFF3_Target_Neg.mzXML,1
106,599.00079645655,348.0634765625,,,,AFFF3_Target_Neg.mzXML,1
106,599.049584870881,173.599304199219,,,,AFFF3_Target_Neg.mzXML,1
106,599.091285701694,154.920455932617,,,,AFFF3_Target_Neg.mzXML,1
106,599.230796918891,182.044448852539,,,,AFFF3_Target_Neg.mzXML,1
106,599.324692876491,226.482147216797,,,,AFFF3_Target_Neg.mzXML,1
106,599.623759759159,239.654525756836,,,,AFFF3_Target_Neg.mzXML,1
106,599.860692176513,124.153846740723,,,,AFFF3_Target_Neg.mzXML,1
106,599.918101024212,134.017852783203,,,,AFFF3_Target_Neg.mzXML,1
106,599.984775927399,136.721160888672,,,,AFFF3_Target_Neg.mzXML,1
106,600.027489254026,222.130844116211,,,,AFFF3_Target_Neg.mzXML,1
106,600.145910264973,143.005950927734,,,,AFFF3_Target_Neg.mzXML,1
106,600.196183785732,147.953384399414,,,,AFFF3_Target_Neg.mzXML,1
106,600.315875230839,188.164947509766,,,,AFFF3_Target_Neg.mzXML,1
106,600.560715138952,120.961959838867,,,,AFFF3_Target_Neg.mzXML,1
106,600.803906623542,105.510414123535,,,,AFFF3_Target_Neg.mzXML,1
106,600.909250340675,350.0625,,,,AFFF3_Target_Neg.mzXML,1
106,600.969635312861,735.21044921875,,,,AFFF3_Target_Neg.mzXML,1
106,601.037716395137,440.501495361328,,,,AFFF3_Target_Neg.mzXML,1
106,601.086196205495,155.728897094727,,,,AFFF3_Target_Neg.mzXML,1
106,601.145198278285,118.017860412598,,,,AFFF3_Target_Neg.mzXML,1
106,601.307089229341,173.06640625,,,,AFFF3_Target_Neg.mzXML,1
106,601.441725100749,137.801666259766,,,,AFFF3_Target_Neg.mzXML,1
106,601.580480598468,142.5,,,,AFFF3_Target_Neg.mzXML,1
106,601.640058878659,122.570755004883,,,,AFFF3_Target_Neg.mzXML,1
106,601.894955602856,263.556823730469,,,,AFFF3_Target_Neg.mzXML,1
106,601.930827891061,215.053573608398,,,,AFFF3_Target_Neg.mzXML,1
106,602.034087505324,367486.6875,,,,AFFF3_Target_Neg.mzXML,1
106,602.790033920086,229.868469238281,,,,AFFF3_Target_Neg.mzXML,1
106,602.863858000685,208.933074951172,,,,AFFF3_Target_Neg.mzXML,1
106,603.03728959308,65460.16796875,,,,AFFF3_Target_Neg.mzXML,1
106,603.48263605698,385.251251220703,,,,AFFF3_Target_Neg.mzXML,1
106,603.54563159959,318.749237060547,,,,AFFF3_Target_Neg.mzXML,1
106,603.623347203429,335.132537841797,,,,AFFF3_Target_Neg.mzXML,1
106,603.667242794276,346.016662597656,,,,AFFF3_Target_Neg.mzXML,1
106,603.716085017444,300.515228271484,,,,AFFF3_Target_Neg.mzXML,1
106,603.753731390608,200.709671020508,,,,AFFF3_Target_Neg.mzXML,1
106,603.904913941035,245.417098999023,,,,AFFF3_Target_Neg.mzXML,1
106,604.032776929581,36373.64453125,,,,AFFF3_Target_Neg.mzXML,1
106,604.356040486161,406.725677490234,,,,AFFF3_Target_Neg.mzXML,1
106,604.414780865552,138.530853271484,,,,AFFF3_Target_Neg.mzXML,1
106,604.505022558725,310.029296875,,,,AFFF3_Target_Neg.mzXML,1
106,604.572675220055,317.471801757812,,,,AFFF3_Target_Neg.mzXML,1
106,604.674327855894,114.132453918457,,,,AFFF3_Target_Neg.mzXML,1
106,604.701444891991,158.480651855469,,,,AFFF3_Target_Neg.mzXML,1
106,604.770383546714,120.690559387207,,,,AFFF3_Target_Neg.mzXML,1
106,604.823941941068,180.699157714844,,,,AFFF3_Target_Neg.mzXML,1
106,604.925093527295,267.263549804688,,,,AFFF3_Target_Neg.mzXML,1
106,604.96142373944,363.46142578125,,,,AFFF3_Target_Neg.mzXML,1
106,605.035047676657,5825.34033203125,,,,AFFF3_Target_Neg.mzXML,1
106,605.105743536193,314.998901367188,,,,AFFF3_Target_Neg.mzXML,1
106,605.220294192104,103.735290527344,,,,AFFF3_Target_Neg.mzXML,1
106,605.266253204301,235.740127563477,,,,AFFF3_Target_Neg.mzXML,1
106,605.296083150834,334.904724121094,,,,AFFF3_Target_Neg.mzXML,1
106,605.343397236618,174.470474243164,,,,AFFF3_Target_Neg.mzXML,1
106,605.389818910657,107.714912414551,,,,AFFF3_Target_Neg.mzXML,1
106,605.44835644205,126.232437133789,,,,AFFF3_Target_Neg.mzXML,1
106,605.491699422436,195.002044677734,,,,AFFF3_Target_Neg.mzXML,1
106,605.535939540389,164.445648193359,,,,AFFF3_Target_Neg.mzXML,1
106,605.605184429043,226.896057128906,,,,AFFF3_Target_Neg.mzXML,1
106,605.681882813145,110.040176391602,,,,AFFF3_Target_Neg.mzXML,1
106,605.728660858239,140.002975463867,,,,AFFF3_Target_Neg.mzXML,1
106,605.810693354244,126.020454406738,,,,AFFF3_Target_Neg.mzXML,1
105,594.961936074149,2609.65283203125,,,,AFFF3_Target_Neg.mzXML,1
105,595.282701653943,175.25,,,,AFFF3_Target_Neg.mzXML,1
105,595.351791159281,711.8876953125,,,,AFFF3_Target_Neg.mzXML,1
105,595.541159352726,257.335083007812,,,,AFFF3_Target_Neg.mzXML,1
105,595.970177772918,527.879272460938,,,,AFFF3_Target_Neg.mzXML,1
105,596.222309874402,168.840270996094,,,,AFFF3_Target_Neg.mzXML,1
105,596.305847918782,258.550445556641,,,,AFFF3_Target_Neg.mzXML,1
105,596.341132717873,274.111267089844,,,,AFFF3_Target_Neg.mzXML,1
105,596.395130559347,196.111206054688,,,,AFFF3_Target_Neg.mzXML,1
105,596.804156073229,188.597015380859,,,,AFFF3_Target_Neg.mzXML,1
105,596.956239548674,205.505676269531,,,,AFFF3_Target_Neg.mzXML,1
105,597.332473056863,347.667236328125,,,,AFFF3_Target_Neg.mzXML,1
105,597.471780217661,301.556823730469,,,,AFFF3_Target_Neg.mzXML,1
105,598.335799988749,319.875,,,,AFFF3_Target_Neg.mzXML,1
105,598.714005005521,284.361114501953,,,,AFFF3_Target_Neg.mzXML,1
105,598.835345720608,193.803573608398,,,,AFFF3_Target_Neg.mzXML,1
105,598.923922166113,22742.771484375,M,C10HF21O3S,,AFFF3_Target_Neg.mzXML,1
105,599.165382495474,323.024139404297,,,,AFFF3_Target_Neg.mzXML,1
105,599.222461445369,230.833831787109,,,,AFFF3_Target_Neg.mzXML,1
105,599.323443354031,1453.59582519531,,,,AFFF3_Target_Neg.mzXML,1
105,599.447627762147,233.122909545898,,,,AFFF3_Target_Neg.mzXML,1
105,599.495065549215,251.841827392578,,,,AFFF3_Target_Neg.mzXML,1
105,599.92703991264,2869.80297851562,13C1(1.08%;0.00024Da),,,AFFF3_Target_Neg.mzXML,1
105,600.173979361016,204.001190185547,,,,AFFF3_Target_Neg.mzXML,1
105,600.321020366608,1415.06372070312,,,,AFFF3_Target_Neg.mzXML,1
105,600.924596206154,986.146118164062,,,,AFFF3_Target_Neg.mzXML,1
105,601.022999469036,300.082336425781,,,,AFFF3_Target_Neg.mzXML,1
105,601.322971796201,950.460876464844,,,,AFFF3_Target_Neg.mzXML,1
105,601.362870174927,65341.50390625,,,,AFFF3_Target_Neg.mzXML,1
105,601.949995827626,247.399627685547,,,,AFFF3_Target_Neg.mzXML,1
105,602.025455995988,215.108474731445,,,,AFFF3_Target_Neg.mzXML,1
105,602.100886486703,223.047622680664,,,,AFFF3_Target_Neg.mzXML,1
105,602.190910811929,267.666656494141,,,,AFFF3_Target_Neg.mzXML,1
105,602.365941868576,21720.658203125,,,,AFFF3_Target_Neg.mzXML,1
105,602.594763899179,196.104309082031,,,,AFFF3_Target_Neg.mzXML,1
105,602.749557396047,259.748962402344,,,,AFFF3_Target_Neg.mzXML,1
105,602.96198071222,252.379852294922,,,,AFFF3_Target_Neg.mzXML,1
105,603.057987781632,173.345428466797,,,,AFFF3_Target_Neg.mzXML,1
105,603.276086227155,206.154754638672,,,,AFFF3_Target_Neg.mzXML,1
105,603.365744330418,5930.2275390625,,,,AFFF3_Target_Neg.mzXML,1
105,603.446070105839,201.260635375977,,,,AFFF3_Target_Neg.mzXML,1
105,603.826257893732,226.75,,,,AFFF3_Target_Neg.mzXML,1
105,603.885274364191,204.034225463867,,,,AFFF3_Target_Neg.mzXML,1
105,604.013584225637,170.173080444336,,,,AFFF3_Target_Neg.mzXML,1
105,604.243575529596,209.633773803711,,,,AFFF3_Target_Neg.mzXML,1
105,604.313895779276,339.419860839844,,,,AFFF3_Target_Neg.mzXML,1
105,604.361833491571,1785.18469238281,,,,AFFF3_Target_Neg.mzXML,1
105,604.449500286932,194.289108276367,,,,AFFF3_Target_Neg.mzXML,1
105,604.74729400218,300.125885009766,,,,AFFF3_Target_Neg.mzXML,1
105,604.974994013063,372.318420410156,,,,AFFF3_Target_Neg.mzXML,1
105,605.299882217583,178.016662597656,,,,AFFF3_Target_Neg.mzXML,1
105,605.354874108108,1149.0859375,,,,AFFF3_Target_Neg.mzXML,1
105,605.390886041045,633.26220703125,,,,AFFF3_Target_Neg.mzXML,1
105,605.447319092826,2231.12158203125,,,,AFFF3_Target_Neg.mzXML,1
222,409.021467013128,446.437896728516,,,,AFFF3_Target_Neg.mzXML,1
222,409.103108417984,176.728897094727,,,,AFFF3_Target_Neg.mzXML,1
222,409.268434067362,118.531860351562,,,,AFFF3_Target_Neg.mzXML,1
222,410.092894635526,232.256362915039,,,,AFFF3_Target_Neg.mzXML,1
222,410.292054495868,183.410522460938,,,,AFFF3_Target_Neg.mzXML,1
222,410.539649845982,111.035713195801,,,,AFFF3_Target_Neg.mzXML,1
222,410.722907685778,193.320709228516,,,,AFFF3_Target_Neg.mzXML,1
222,410.936820962995,100.764831542969,,,,AFFF3_Target_Neg.mzXML,1
222,410.973082337212,122.645835876465,,,,AFFF3_Target_Neg.mzXML,1
222,411.026571748399,299.727813720703,,,,AFFF3_Target_Neg.mzXML,1
222,411.050054149882,199.87890625,,,,AFFF3_Target_Neg.mzXML,1
222,411.163104893731,134.414260864258,,,,AFFF3_Target_Neg.mzXML,1
222,411.347420113753,203.222564697266,,,,AFFF3_Target_Neg.mzXML,1
222,411.73085182687,203.680145263672,,,,AFFF3_Target_Neg.mzXML,1
222,412.074437355588,602.042602539062,,,,AFFF3_Target_Neg.mzXML,1
222,412.232066554505,147.158828735352,,,,AFFF3_Target_Neg.mzXML,1
222,412.274845749837,131.013519287109,,,,AFFF3_Target_Neg.mzXML,1
222,412.40424907368,129.972457885742,,,,AFFF3_Target_Neg.mzXML,1
222,412.769660366685,168.51042175293,,,,AFFF3_Target_Neg.mzXML,1
222,412.966922063204,2090.85864257812,M,C8HF15O2,,AFFF3_Target_Neg.mzXML,1
222,413.068324153661,545.255310058594,,,,AFFF3_Target_Neg.mzXML,1
222,413.152874189821,117.964912414551,,,,AFFF3_Target_Neg.mzXML,1
222,413.222748061638,134.008926391602,,,,AFFF3_Target_Neg.mzXML,1
222,413.255797032999,148.027770996094,,,,AFFF3_Target_Neg.mzXML,1
222,413.302572218017,219.669448852539,,,,AFFF3_Target_Neg.mzXML,1
222,413.483550895219,165.557434082031,,,,AFFF3_Target_Neg.mzXML,1
222,413.530093408527,125.131492614746,,,,AFFF3_Target_Neg.mzXML,1
222,413.733310534287,126,,,,AFFF3_Target_Neg.mzXML,1
222,413.792081332657,147.003570556641,,,,AFFF3_Target_Neg.mzXML,1
222,413.829003032754,130.716979980469,,,,AFFF3_Target_Neg.mzXML,1
222,414.066697021977,1237.75537109375,,,,AFFF3_Target_Neg.mzXML,1
222,414.208530364997,174.401916503906,,,,AFFF3_Target_Neg.mzXML,1
222,414.234107312909,238.240264892578,,,,AFFF3_Target_Neg.mzXML,1
222,414.615961420826,122.65983581543,,,,AFFF3_Target_Neg.mzXML,1
222,414.909790976956,163.140838623047,,,,AFFF3_Target_Neg.mzXML,1
222,415.063907326249,1983.26220703125,,,,AFFF3_Target_Neg.mzXML,1
222,415.165856142932,210.256408691406,,,,AFFF3_Target_Neg.mzXML,1
222,415.205497966427,131.917175292969,,,,AFFF3_Target_Neg.mzXML,1
222,415.283807464804,133.182830810547,,,,AFFF3_Target_Neg.mzXML,1
222,415.684168221135,127.185348510742,,,,AFFF3_Target_Neg.mzXML,1
222,416.061238974371,1483.72766113281,,,,AFFF3_Target_Neg.mzXML,1
222,416.576157133888,121.360290527344,,,,AFFF3_Target_Neg.mzXML,1
222,417.004080033475,204.344055175781,,,,AFFF3_Target_Neg.mzXML,1
222,417.057380899604,522.333312988281,,,,AFFF3_Target_Neg.mzXML,1
222,417.304812528707,118.223876953125,,,,AFFF3_Target_Neg.mzXML,1
222,417.539764080622,258.347137451172,,,,AFFF3_Target_Neg.mzXML,1
222,418.004617383609,344.412902832031,,,,AFFF3_Target_Neg.mzXML,1
222,418.060397938962,521.574401855469,,,,AFFF3_Target_Neg.mzXML,1
222,418.208466273712,194.444580078125,,,,AFFF3_Target_Neg.mzXML,1
222,418.396299006039,150.716094970703,,,,AFFF3_Target_Neg.mzXML,1
222,418.990190123513,265.97265625,,,,AFFF3_Target_Neg.mzXML,1
222,419.050471565725,678.321411132812,,,,AFFF3_Target_Neg.mzXML,1
222,419.078879514103,302.666656494141,,,,AFFF3_Target_Neg.mzXML,1
222,419.251130638822,168.790130615234,,,,AFFF3_Target_Neg.mzXML,1
222,419.391174494072,119.836006164551,,,,AFFF3_Target_Neg.mzXML,1
1,207.069643542971,426.696319580078,,,,AFFF3_Target_Neg.mzXML,1
1,207.536929497113,974.7578125,,,,AFFF3_Target_Neg.mzXML,1
1,207.813530258246,1707.23010253906,,,,AFFF3_Target_Neg.mzXML,1
1,207.952656868914,1534.76440429688,,,,AFFF3_Target_Neg.mzXML,1
1,208.14799431209,940.35986328125,,,,AFFF3_Target_Neg.mzXML,1
1,208.191959067009,912.917358398438,,,,AFFF3_Target_Neg.mzXML,1
1,208.73986779501,598.206420898438,,,,AFFF3_Target_Neg.mzXML,1
1,208.801377507635,665.962097167969,,,,AFFF3_Target_Neg.mzXML,1
1,208.996921832225,1010.52667236328,,,,AFFF3_Target_Neg.mzXML,1
1,209.087524149125,3997351.25,M,NA,,AFFF3_Target_Neg.mzXML,1
1,209.677981764973,1139.59851074219,,,,AFFF3_Target_Neg.mzXML,1
1,209.737333975427,836.31982421875,,,,AFFF3_Target_Neg.mzXML,1
1,209.774582268113,928.863891601562,,,,AFFF3_Target_Neg.mzXML,1
1,209.805669775915,882.46728515625,,,,AFFF3_Target_Neg.mzXML,1
1,209.851706291425,425.718017578125,,,,AFFF3_Target_Neg.mzXML,1
1,209.880326817262,826.402770996094,,,,AFFF3_Target_Neg.mzXML,1
1,209.911456736546,800.518127441406,,,,AFFF3_Target_Neg.mzXML,1
1,209.934053929764,413.651245117188,,,,AFFF3_Target_Neg.mzXML,1
1,210.0132416824,781.512756347656,,,,AFFF3_Target_Neg.mzXML,1
1,210.088381187269,806284.0625,29Si1(5.08%;0.00129Da)_33S1(0.79%;0.00147Da),,,AFFF3_Target_Neg.mzXML,1
1,210.510748231911,562.511352539062,,,,AFFF3_Target_Neg.mzXML,1
1,210.638519564862,599.924133300781,,,,AFFF3_Target_Neg.mzXML,1
1,210.808694706809,408.689086914062,,,,AFFF3_Target_Neg.mzXML,1
1,210.847844209369,465.051391601562,,,,AFFF3_Target_Neg.mzXML,1
1,210.913561709751,594.551696777344,,,,AFFF3_Target_Neg.mzXML,1
1,210.950139101295,411.428741455078,,,,AFFF3_Target_Neg.mzXML,1
1,211.003166674789,508.961822509766,,,,AFFF3_Target_Neg.mzXML,1
1,211.030983851538,399.808959960938,,,,AFFF3_Target_Neg.mzXML,1
1,211.082610081303,381336.1875,34S1(4.47%;0.00071Da),,,AFFF3_Target_Neg.mzXML,1
1,212.086460562658,32913.1015625,,,,AFFF3_Target_Neg.mzXML,1
1,212.161662767573,735.165100097656,,,,AFFF3_Target_Neg.mzXML,1
1,213.020932621167,404.173858642578,,,,AFFF3_Target_Neg.mzXML,1
1,213.08631873584,5653.57861328125,,,,AFFF3_Target_Neg.mzXML,1
1,214.089883866891,446.355407714844,,,,AFFF3_Target_Neg.mzXML,1
1,215.043456184472,1084.03662109375,,,,AFFF3_Target_Neg.mzXML,1
1,216.037919335135,5406.24365234375,,,,AFFF3_Target_Neg.mzXML,1
0,456.974285553807,153.355270385742,,,,AFFF3_Target_Neg.mzXML,1
0,456.997228615844,112.090911865234,,,,AFFF3_Target_Neg.mzXML,1
0,457.085242050988,2036.36267089844,,,,AFFF3_Target_Neg.mzXML,1
0,457.494434034009,153.227767944336,,,,AFFF3_Target_Neg.mzXML,1
0,457.543964399041,107.19149017334,,,,AFFF3_Target_Neg.mzXML,1
0,457.590413486902,172.244995117188,,,,AFFF3_Target_Neg.mzXML,1
0,458.087172121013,264.819305419922,,,,AFFF3_Target_Neg.mzXML,1
0,459.078558142139,371.815582275391,,,,AFFF3_Target_Neg.mzXML,1
0,459.224417530945,257.105346679688,,,,AFFF3_Target_Neg.mzXML,1
0,460.093266256766,211.280044555664,,,,AFFF3_Target_Neg.mzXML,1
0,460.884198178283,122.023498535156,M,C8HF15O3S,,AFFF3_Target_Neg.mzXML,1
0,461.195319997116,151.571426391602,,,,AFFF3_Target_Neg.mzXML,1
0,462.008605376552,158.971527099609,,,,AFFF3_Target_Neg.mzXML,1
0,462.092123152743,130.03434753418,,,,AFFF3_Target_Neg.mzXML,1
0,463.014991347338,145.765762329102,,,,AFFF3_Target_Neg.mzXML,1
0,463.068270693315,239.979644775391,,,,AFFF3_Target_Neg.mzXML,1
0,463.183334791832,229.032257080078,,,,AFFF3_Target_Neg.mzXML,1
0,464.040453948935,147.472061157227,,,,AFFF3_Target_Neg.mzXML,1
0,464.993864393514,376.058837890625,,,,AFFF3_Target_Neg.mzXML,1
0,465.049560586901,193.063720703125,,,,AFFF3_Target_Neg.mzXML,1
0,465.095222705541,140.565139770508,,,,AFFF3_Target_Neg.mzXML,1
0,465.464692619029,131.04167175293,,,,AFFF3_Target_Neg.mzXML,1
0,466.532881815646,211.880599975586,,,,AFFF3_Target_Neg.mzXML,1
0,467.068656862868,257.130310058594,,,,AFFF3_Target_Neg.mzXML,1
0,467.116769186692,217.511108398438,,,,AFFF3_Target_Neg.mzXML,1
4,582.466972162565,613.451232910156,,,,AFFF3_Target_Neg.mzXML,1
4,582.823757959034,569.047119140625,,,,AFFF3_Target_Neg.mzXML,1
4,582.977979255715,778.54345703125,,,,AFFF3_Target_Neg.mzXML,1
4,583.124239275745,397.698364257812,,,,AFFF3_Target_Neg.mzXML,1
4,583.814637284924,372.799530029297,,,,AFFF3_Target_Neg.mzXML,1
4,584.143760365347,378.007141113281,,,,AFFF3_Target_Neg.mzXML,1
4,584.294545901848,340.455810546875,,,,AFFF3_Target_Neg.mzXML,1
4,584.895865882363,623.851257324219,,,,AFFF3_Target_Neg.mzXML,1
4,585.061163864471,1081.04895019531,,,,AFFF3_Target_Neg.mzXML,1
4,585.376160343766,379.753631591797,,,,AFFF3_Target_Neg.mzXML,1
4,585.515384164816,358.613342285156,,,,AFFF3_Target_Neg.mzXML,1
4,586.040979104334,3207205.75,M,C15H18F13NO4S2,,AFFF3_Target_Neg.mzXML,1
4,586.750467415156,887.639892578125,,,,AFFF3_Target_Neg.mzXML,1
4,586.816193018624,636.935485839844,,,,AFFF3_Target_Neg.mzXML,1
4,586.894237667673,321.556396484375,,,,AFFF3_Target_Neg.mzXML,1
4,586.97048538603,1412.77770996094,,,,AFFF3_Target_Neg.mzXML,1
4,587.04218535864,725929.625,29Si1(5.08%;0.00164Da),,,AFFF3_Target_Neg.mzXML,1
4,587.806126465193,648.89599609375,,,,AFFF3_Target_Neg.mzXML,1
4,587.900927080936,999.288818359375,,,,AFFF3_Target_Neg.mzXML,1
4,587.943917097455,608.984558105469,,,,AFFF3_Target_Neg.mzXML,1
4,588.037103900865,412945.0625,34S1(4.47%;0.00033Da)_30Si1(3.35%;0.00072Da)_37Cl1(32.00%;0.00093Da),,,AFFF3_Target_Neg.mzXML,1
4,588.740837486775,646.475219726562,,,,AFFF3_Target_Neg.mzXML,1
4,588.836035133893,796.064025878906,,,,AFFF3_Target_Neg.mzXML,1
4,588.907269839687,436.131927490234,,,,AFFF3_Target_Neg.mzXML,1
4,588.973559669869,639.726379394531,,,,AFFF3_Target_Neg.mzXML,1
4,589.0400654716,64064.0625,,,,AFFF3_Target_Neg.mzXML,1
4,589.337652118597,4141.75390625,,,,AFFF3_Target_Neg.mzXML,1
4,589.567700755864,326.965637207031,,,,AFFF3_Target_Neg.mzXML,1
4,589.722347767364,344.535736083984,,,,AFFF3_Target_Neg.mzXML,1
4,589.913016610487,438.807800292969,,,,AFFF3_Target_Neg.mzXML,1
4,589.989541727074,329.626159667969,,,,AFFF3_Target_Neg.mzXML,1
4,590.037205928764,12153.4892578125,81Br2(94.63%;0.00032Da),,,AFFF3_Target_Neg.mzXML,1
4,590.139242676287,370.957397460938,,,,AFFF3_Target_Neg.mzXML,1
4,590.339703090281,1121.86633300781,,,,AFFF3_Target_Neg.mzXML,1
4,591.041182376533,1724.37744140625,,,,AFFF3_Target_Neg.mzXML,1
4,591.325153303672,521.907897949219,,,,AFFF3_Target_Neg.mzXML,1
4,592.001987746562,453.790161132812,,,,AFFF3_Target_Neg.mzXML,1
4,592.052397844347,441.187835693359,,,,AFFF3_Target_Neg.mzXML,1
4,592.964720958413,2168.41040039062,,,,AFFF3_Target_Neg.mzXML,1
